ExanteId,type,expiryTime
BR.FORTS.G2018,FUTURE,2018-2-1
RTS-FORTS/BTC.RETAIL,STOCK,Nope
UCHF.FORTS.Z2017,FUTURE,2017-12-21
MGNT.FORTS.Z2017,FUTURE,2017-12-22
AUDU.FORTS.Z2017,FUTURE,2017-12-21
Si.FORTS.U2018,FUTURE,2018-9-20
MXI.FORTS.Z2017,FUTURE,2017-12-21
GOLD.FORTS.Z2017,FUTURE,2017-12-21
GAZR.FORTS.H2018,FUTURE,2018-3-15
LKOH.FORTS.Z2017,FUTURE,2017-12-22
RVI.FORTS.Z2017,FUTURE,2017-12-21
Si.FORTS.H2018,FUTURE,2018-3-15
EU.FORTS.H2018,FUTURE,2018-3-15
LKOH.FORTS.H2018,FUTURE,2018-3-15
BR.FORTS.J2018,FUTURE,2018-4-2
TATN.FORTS.H2018,FUTURE,2018-3-15
SNGR.FORTS.Z2017,FUTURE,2017-12-22
GBPU.FORTS.Z2017,FUTURE,2017-12-21
MTSI.FORTS.H2018,FUTURE,2018-3-15
EU.FORTS.M2018,FUTURE,2018-6-21
HYDR.FORTS.Z2017,FUTURE,2017-12-22
RTS.FORTS.Z2017,FUTURE,2017-12-21
MTSI.FORTS.Z2017,FUTURE,2017-12-22
RTS.FORTS.U2018,FUTURE,2018-9-21
Si.FORTS.Z2017,FUTURE,2017-12-21
RTS.FORTS.H2018,FUTURE,2018-3-15
BR.FORTS.H2018,FUTURE,2018-3-15
GBPU.FORTS.H2018,FUTURE,2018-3-15
PLD.FORTS.H2018,FUTURE,2018-3-15
Si.FORTS.H2019,FUTURE,2019-3-21
OFZ4.FORTS.Z2017,FUTURE,2017-12-4
BR.FORTS.Z2017,FUTURE,2017-12-1
BR.FORTS.F2018,FUTURE,2018-1-1
UJPY.FORTS.Z2017,FUTURE,2017-12-21
PLT.FORTS.Z2017,FUTURE,2017-12-21
ROSN.FORTS.H2018,FUTURE,2018-3-15
BR.FORTS.K2018,FUTURE,2018-5-3
RTS.FORTS.H2019,FUTURE,2019-3-21
HYDR.FORTS.H2018,FUTURE,2018-3-15
SBRF.FORTS.H2018,FUTURE,2018-3-15
BR.FORTS.X2017,FUTURE,2017-11-1
MIX-FORTS.RETAIL,STOCK,Nope
RTS.FORTS.Z2018,FUTURE,2018-12-21
EU.FORTS.Z2017,FUTURE,2017-12-21
GMKR.FORTS.H2018,FUTURE,2018-3-15
NOTK.FORTS.Z2017,FUTURE,2017-12-22
UJPY.FORTS.H2018,FUTURE,2018-3-15
RTS.FORTS.M2018,FUTURE,2018-6-21
GOLD.FORTS.H2018,FUTURE,2018-3-15
MXI.FORTS.H2018,FUTURE,2018-3-15
CHMF.FORTS.H2018,FUTURE,2018-3-15
SNGR.FORTS.H2018,FUTURE,2018-3-15
OFZ2.FORTS.Z2017,FUTURE,2017-12-4
GAZR.FORTS.Z2017,FUTURE,2017-12-21
ED.FORTS.H2018,FUTURE,2018-3-15
MIX.FORTS.H2018,FUTURE,2018-3-15
SILV.FORTS.M2018,FUTURE,2018-6-21
BR.FORTS.M2018,FUTURE,2018-6-1
GMKR.FORTS.Z2017,FUTURE,2017-12-22
SNGP.FORTS.Z2017,FUTURE,2017-12-22
TATN.FORTS.Z2017,FUTURE,2017-12-22
RVI.FORTS.X2017,FUTURE,2017-11-16
OF15.FORTS.Z2017,FUTURE,2017-12-4
NLMK.FORTS.H2018,FUTURE,2018-3-15
EU.FORTS.U2018,FUTURE,2018-9-20
CHMF.FORTS.Z2017,FUTURE,2017-12-21
MGNT.FORTS.H2018,FUTURE,2018-3-15
SILV.FORTS.Z2017,FUTURE,2017-12-21
ED.FORTS.Z2017,FUTURE,2017-12-21
PLD.FORTS.Z2017,FUTURE,2017-12-21
AUDU.FORTS.H2018,FUTURE,2018-3-15
NLMK.FORTS.Z2017,FUTURE,2017-12-22
VTBR.FORTS.H2018,FUTURE,2018-3-15
RTS-FORTS.RETAIL,STOCK,Nope
VTBR.FORTS.Z2017,FUTURE,2017-12-22
MIX.FORTS.Z2017,FUTURE,2017-12-21
SBRF.FORTS.Z2017,FUTURE,2017-12-21
ROSN.FORTS.Z2017,FUTURE,2017-12-21
TRNF.FORTS.Z2017,FUTURE,2017-12-21
BR.FORTS.N2018,FUTURE,2018-7-2
SBPR.FORTS.H2018,FUTURE,2018-3-15
Si.FORTS.Z2018,FUTURE,2018-12-20
Si.FORTS.M2018,FUTURE,2018-6-21
SBPR.FORTS.Z2017,FUTURE,2017-12-21
SILV.FORTS.H2018,FUTURE,2018-3-15
NOTK.FORTS.H2018,FUTURE,2018-3-15
SNGP.FORTS.H2018,FUTURE,2018-3-15
TRNF.FORTS.H2018,FUTURE,2018-3-15
PLT.FORTS.H2018,FUTURE,2018-3-15
UCHF.FORTS.H2018,FUTURE,2018-3-15
